id,pagerank
8,12.607249493938419
32,8.82528855588197
28,6.322652228233022
76,3.0604335585571705
33,2.836985581102295
