id,pagerank
25,1.0601734209172846
43,1.0601734209172846
77,1.0601734209172846
3,1.0601734209172846
42,1.0601734209172846
